PC,explained_variance_ratio,cumulative_explained_variance
PC1,0.7268883792805113,0.7268883792805113
PC2,0.25325809879467126,0.9801464780751825
PC3,0.019853521924817437,1.0
