,PC1,PC2,PC3
tenure,0.5672985404668642,0.6067838819000947,0.5567635823672532
MonthlyCharges,0.4858423363849573,-0.7924949662588743,0.36865831420212347
TotalCharges,0.6649282594086158,0.061359996093525625,-0.7443825365490724
